{
    "listOfUsers":[
        {
            "ID": "MAN-123",
            "username": "String",
            "password": "7eae8733c19872feef9b12bf11bf216ce2283614c306d994b2732f29ad3af9c8",
            "name": "String",
            "phoneNumber": "String",
            "DoB": "String",
            "gender": "String",
            "email": "String",
            "citizenID": "String",
            "salary": [
                {
                    "date": "String",
                    "amount": "int"
                },
                {
                    "date": "String",
                    "amount": "int"
                }
            ]
        },
		{
            "ID": "MAN-124",
            "username": "String",
            "password": "7526d001746af48cbdd27c04071a5fcee70603be29f207a667827e1cd2827825",
            "name": "String",
            "phoneNumber": "String",
            "DoB": "String",
            "gender": "String",
            "email": "String",
            "citizenID": "String",
            "salary": [
                {
                    "date": "String",
                    "amount": "int"
                },
                {
                    "date": "String",
                    "amount": "int"
                }
            ]
        }
    ]
}